19822,41.0,Female,85197.0,Los Angeles,California,90036,West,United States,6,11389.14,Platinum,2023-12-26,Furniture,,Churn!=null failed
14880,28.0,Female,22530.0,Los Angeles,California,90049,West,United States,47,5554.087,Gold,2023-12-09,Health & Personal Care,,Churn!=null failed
13853,29.0,Female,76551.0,Philadelphia,,19140,East,United States,81,8174.895,Gold,2023-11-24,Clothing,,Churn!=null failed
13680,,,65385.0,Los Angeles,California,90004,West,United States,7,7515.658,Gold,2023-01-26,Furniture,,Churn!=null failed
12442,47.0,Male,103245.0,San Francisco,California,94122,West,United States,64,3690.7058,Silver,2023-12-25,Health & Personal Care,,Churn!=null failed
14348,,,76118.0,Columbia,South Carolina,29203,South,United States,95,6215.4814,Gold,2023-11-12,Grocery,,Churn!=null failed
16568,41.0,,51680.0,New York City,New York,10035,East,United States,83,5858.36,Gold,2023-11-16,Beauty,,Churn!=null failed
11570,35.0,,45830.0,New York City,New York,10009,East,United States,64,9296.3,Gold,2023-11-15,Furniture,,Churn!=null failed
12987,,Female,60408.0,New York City,New York,10009,East,United States,38,10402.533,Platinum,2023-12-19,Beauty,,Churn!=null failed
15405,38.0,Female,106393.0,New York City,New York,10009,East,United States,62,10946.281,Platinum,2023-03-13,Sports and Outdoors,,Churn!=null failed
14083,29.0,,62293.0,Pembroke Pines,Florida,33024,South,United States,51,2417.9634,Silver,2023-04-13,Clothing,,Churn!=null failed
13103,,Female,40000.0,Los Angeles,California,90004,West,United States,4,4001.5264,Silver,2023-07-07,Electronics,,Churn!=null failed
11595,38.0,Female,105315.0,Lawrence,,1841,East,United States,34,12968.883,Platinum,2023-12-23,Office Products,,Churn!=null failed
10858,35.0,Female,34371.0,Houston,Texas,77070,Central,United States,51,11745.113,Platinum,2023-05-22,Home and Kitchen,,Churn!=null failed
12145,40.0,Male,107405.0,Auburn,New York,13021,East,United States,16,7592.492,Gold,,Beauty,,Churn!=null failed
18895,44.0,Female,85396.0,San Francisco,California,94110,West,United States,77,2204.9133,Silver,,Home and Kitchen,,Churn!=null failed
16071,37.0,Female,,Rochester,New York,14609,East,United States,50,820.5519,Bronze,2023-03-22,Grocery,,Churn!=null failed
16573,40.0,Female,70104.0,Atlanta,Georgia,30318,South,United States,60,12114.024,Platinum,2023-11-21,Beauty,,Churn!=null failed
11198,18.0,Male,53029.0,Los Angeles,California,90032,West,United States,52,2085.4912,Silver,2023-03-29,Home and Kitchen,,Churn!=null failed
17701,35.0,,59800.0,Chicago,Illinois,60610,Central,United States,61,6174.962,Gold,2023-11-26,Beauty,,Churn!=null failed
14833,29.0,Female,37402.0,Chicago,Illinois,60610,Central,United States,92,10078.272,Platinum,2023-01-02,Home and Kitchen,,Churn!=null failed
16645,40.0,Female,107662.0,New York City,New York,10011,East,United States,44,9266.012,Gold,2023-11-23,Grocery,,Churn!=null failed
13920,38.0,Female,61000.0,Columbus,,43229,East,United States,84,6948.6094,Gold,2023-12-26,Office Products,,Churn!=null failed
16726,40.0,,61285.0,,Michigan,48205,Central,United States,18,5782.8823,Gold,2023-07-10,Sports and Outdoors,,Churn!=null failed
12296,45.0,Female,100219.0,Seattle,Washington,98115,West,United States,81,8209.271,Gold,2023-11-10,Grocery,,Churn!=null failed
17544,36.0,Female,67660.0,Green Bay,Wisconsin,54302,Central,United States,33,8517.2,Gold,2023-08-05,Grocery,,Churn!=null failed
13968,37.0,Female,43154.0,Lake Elsinore,California,92530,West,United States,7,2191.2441,Silver,2023-11-10,Beauty,,Churn!=null failed
19834,29.0,Female,79896.0,Monroe,Louisiana,71203,South,United States,34,10643.601,Platinum,2023-11-01,Home and Kitchen,,Churn!=null failed
18202,34.0,Female,24225.0,,,80219,West,United States,79,505.62283,Bronze,2023-03-06,Clothing,,Churn!=null failed
16059,43.0,Female,135132.0,Salinas,California,93905,West,United States,2,3787.0217,Silver,2023-02-09,Sports and Outdoors,,Churn!=null failed
17438,,Female,81924.0,New York City,New York,10009,,United States,8,6106.421,Gold,2023-11-29,Furniture,,Churn!=null failed
16639,46.0,Female,65758.0,,Arizona,85023,West,United States,97,914.9542,Bronze,2023-07-28,Clothing,,Churn!=null failed
15294,31.0,Male,132090.0,New York City,New York,10011,,United States,18,5756.746,Gold,2023-01-25,Health & Personal Care,,Churn!=null failed
18486,56.0,Female,84513.0,Lansing,Michigan,48911,Central,United States,78,5335.102,Gold,2023-11-14,Pet Supplies,,Churn!=null failed
11706,44.0,Female,67569.0,New York City,New York,10035,East,United States,14,10877.173,Platinum,2023-11-25,Clothing,,Churn!=null failed
13938,32.0,Female,67840.0,Philadelphia,Pennsylvania,19134,East,United States,3,10961.376,Platinum,2023-11-06,Electronics,,Churn!=null failed
13046,45.0,Female,56357.0,New York City,New York,10024,East,United States,13,5699.1323,Gold,2023-12-04,Pet Supplies,,Churn!=null failed
13673,,Female,,Fairfield,California,94533,West,United States,73,8378.469,Gold,2023-11-17,Office Products,,Churn!=null failed
16054,50.0,Female,61277.0,Columbus,Ohio,43229,East,United States,88,3170.5723,Silver,2023-11-15,Grocery,,Churn!=null failed
14929,55.0,Female,33042.0,Mesa,,85204,West,United States,86,2110.8462,Silver,2023-06-14,Home and Kitchen,,Churn!=null failed
18171,,Female,,,,36608,,United States,72,8990.547,Gold,2023-11-29,Pet Supplies,,Churn!=null failed
11174,50.0,Female,73623.0,Mobile,Alabama,36608,South,United States,29,6044.6274,Gold,2023-12-11,Clothing,,Churn!=null failed
19135,30.0,Female,79089.0,New York City,,10035,East,United States,24,11023.33,Platinum,2023-11-17,Home and Kitchen,,Churn!=null failed
18671,,Male,81562.0,New York City,New York,10035,East,United States,31,3725.3945,Silver,2023-08-22,Beauty,,Churn!=null failed
17897,48.0,Female,38435.0,San Antonio,,78207,Central,United States,61,2951.73,Silver,2023-06-24,Pet Supplies,,Churn!=null failed
12458,27.0,,27604.0,Los Angeles,,90008,West,United States,36,5612.121,Gold,2023-12-27,Clothing,,Churn!=null failed
14427,53.0,Female,91938.0,Los Angeles,California,90008,West,United States,63,9525.482,Gold,2023-11-17,Home and Kitchen,,Churn!=null failed
17580,28.0,Female,78105.0,New York City,New York,10011,East,United States,88,207.3558,Bronze,2023-04-17,Beauty,,Churn!=null failed
14456,28.0,Female,56901.0,Franklin,Massachusetts,2038,East,United States,27,6838.964,Gold,2023-11-08,Sports and Outdoors,,Churn!=null failed
15144,24.0,Female,85210.0,Chicago,Illinois,60623,Central,United States,13,11382.256,Platinum,2023-11-18,Furniture,,Churn!=null failed
11497,57.0,Male,80565.0,Washington,District of Columbia,20016,East,United States,98,7034.8267,Gold,2023-11-20,Beauty,,Churn!=null failed
18279,27.0,Male,79242.0,South Bend,Indiana,46614,Central,United States,41,12461.24,Platinum,2023-11-20,Pet Supplies,,Churn!=null failed
19570,35.0,,58095.0,San Antonio,,78207,Central,United States,53,1572.6897,Silver,2023-07-21,Grocery,,Churn!=null failed
16369,27.0,,96483.0,Missoula,Montana,59801,West,United States,96,5272.177,Gold,2023-11-13,Electronics,,Churn!=null failed
12127,22.0,Male,69688.0,Lafayette,Louisiana,70506,South,United States,94,8788.733,Gold,2023-11-05,Health & Personal Care,,Churn!=null failed
12799,35.0,Female,90806.0,Paterson,New Jersey,7501,East,United States,65,13001.383,Platinum,2023-11-23,Grocery,,Churn!=null failed
15470,37.0,,102140.0,Philadelphia,Pennsylvania,19134,,United States,70,8908.658,Gold,2023-11-13,Pet Supplies,,Churn!=null failed
11747,28.0,Female,64686.0,Louisville,Kentucky,40214,South,United States,43,12084.658,Platinum,2023-11-28,Electronics,,Churn!=null failed
18937,41.0,Female,77082.0,,Indiana,47374,Central,United States,46,1757.0443,Silver,2023-08-09,Beauty,,Churn!=null failed
11278,39.0,Female,59368.0,New York City,New York,10009,East,United States,102,13126.998,Platinum,2023-12-29,Office Products,,Churn!=null failed
10037,26.0,Male,43483.0,Tucson,Arizona,85705,West,United States,25,2605.916,Silver,2023-02-16,Electronics,,Churn!=null failed
13075,32.0,Female,67839.0,,,92374,West,United States,38,5256.837,Gold,2023-12-07,Electronics,,Churn!=null failed
15031,36.0,Male,53867.0,Los Angeles,California,90049,West,United States,50,7686.064,Gold,2023-11-04,Electronics,,Churn!=null failed
12382,27.0,Female,55706.0,Rochester,,14609,,United States,18,1705.4276,Silver,2023-11-10,Grocery,,Churn!=null failed
19195,34.0,Female,58745.0,Fairfield,,45014,East,United States,75,8912.2,Gold,2023-11-06,Electronics,,Churn!=null failed
18178,33.0,Female,95426.0,Albuquerque,New Mexico,87105,West,United States,70,7848.824,Gold,2023-01-01,Clothing,,Churn!=null failed
10291,36.0,Female,68776.0,,Colorado,80027,West,United States,26,4946.5977,Silver,,Sports and Outdoors,,Churn!=null failed
11950,45.0,Female,,Passaic,New Jersey,7055,East,United States,68,11128.489,Platinum,2023-12-08,Health & Personal Care,,Churn!=null failed
11239,34.0,Female,,Mishawaka,Indiana,46544,Central,United States,92,6786.7603,Gold,2023-10-14,Home and Kitchen,,Churn!=null failed
14183,,,90655.0,Chicago,Illinois,60623,Central,United States,54,7744.3735,Gold,2023-11-19,Health & Personal Care,,Churn!=null failed
14414,50.0,Female,84936.0,Henderson,,42420,South,United States,76,4126.425,Silver,2023-04-27,Clothing,,Churn!=null failed
11181,39.0,Female,85443.0,Arlington,Texas,76017,Central,United States,72,7552.145,Gold,2023-12-02,Pet Supplies,,Churn!=null failed
13168,27.0,Female,59340.0,San Francisco,California,94110,West,United States,79,6939.549,Gold,2023-11-07,Furniture,,Churn!=null failed
16081,44.0,Female,32406.0,,Utah,84604,West,United States,83,9520.408,Gold,2023-12-31,Office Products,,Churn!=null failed
12063,27.0,Female,56234.0,New York City,New York,10024,East,United States,12,8926.209,Gold,2023-12-20,Electronics,,Churn!=null failed
10050,,Female,88984.0,Omaha,Nebraska,68104,Central,United States,23,10851.524,Platinum,2023-11-27,Grocery,,Churn!=null failed
10191,47.0,Male,71824.0,Woodstock,Illinois,60098,Central,United States,20,9230.479,Gold,2023-12-08,Beauty,,Churn!=null failed
12251,67.0,Female,113010.0,Palm Coast,,32137,South,United States,54,7180.108,Gold,2023-12-19,Health & Personal Care,,Churn!=null failed
12765,42.0,,69857.0,San Francisco,California,94122,West,United States,34,10477.367,Platinum,2023-11-09,Clothing,,Churn!=null failed
16591,66.0,Female,92744.0,San Francisco,California,94110,West,United States,65,7419.6772,Gold,2023-11-21,Electronics,,Churn!=null failed
19439,42.0,Female,59818.0,Los Angeles,,90008,West,United States,1,1930.8754,Silver,2023-07-06,Grocery,,Churn!=null failed
12723,37.0,Female,72481.0,Philadelphia,Pennsylvania,19140,East,United States,66,5570.7134,Gold,2023-12-19,Pet Supplies,,Churn!=null failed
16963,59.0,Female,59940.0,Watertown,New York,13601,East,United States,25,2221.0237,Silver,,Health & Personal Care,,Churn!=null failed
14336,38.0,Female,44690.0,,Texas,75002,Central,United States,80,4255.4844,Silver,2023-12-13,Electronics,,Churn!=null failed
15277,39.0,Male,48320.0,Seattle,Washington,98115,,United States,98,12348.194,Platinum,2023-11-20,Health & Personal Care,,Churn!=null failed
10957,30.0,Female,,Lakeland,Florida,33801,South,United States,15,10078.775,Platinum,2023-11-14,Furniture,,Churn!=null failed
18243,49.0,Female,34788.0,Jacksonville,,28540,South,United States,26,11073.681,Platinum,2023-11-23,Beauty,,Churn!=null failed
19578,36.0,Female,105121.0,Phoenix,Arizona,85023,West,United States,97,2560.8357,Silver,2023-06-23,Health & Personal Care,,Churn!=null failed
12158,,Male,98284.0,,Pennsylvania,19140,East,United States,14,182.06767,Bronze,2023-08-02,Clothing,,Churn!=null failed
18743,,Male,91104.0,Houston,,77095,Central,United States,73,9399.77,Gold,2023-11-27,Health & Personal Care,,Churn!=null failed
19395,39.0,,93544.0,Hempstead,New York,11550,East,United States,77,233.16803,Bronze,2023-07-17,Health & Personal Care,,Churn!=null failed
10616,43.0,Female,,San Francisco,,94122,West,United States,28,6133.197,Gold,2023-12-25,Office Products,,Churn!=null failed
15395,,Male,22530.0,Dubuque,Iowa,52001,,United States,82,13243.676,Platinum,2023-12-09,Pet Supplies,,Churn!=null failed
15249,36.0,Female,83471.0,Saint Cloud,Minnesota,56301,Central,United States,81,2890.6692,Silver,2023-11-16,Health & Personal Care,,Churn!=null failed
19378,56.0,Female,95019.0,Los Angeles,California,90036,West,United States,50,2417.756,Silver,2023-03-30,Sports and Outdoors,,Churn!=null failed
16743,37.0,Female,41319.0,Des Moines,Iowa,50315,Central,United States,56,5374.812,Gold,2023-11-19,Office Products,,Churn!=null failed
12479,56.0,Female,62307.0,,Ohio,43229,East,United States,54,2077.0247,Silver,2023-06-10,Grocery,,Churn!=null failed
15931,18.0,Female,82047.0,Jackson,Mississippi,39212,South,United States,31,13031.303,Platinum,2023-12-10,Office Products,,Churn!=null failed
12095,57.0,Female,85071.0,,Colorado,80219,West,United States,29,7669.6997,Gold,2023-11-12,Clothing,,Churn!=null failed
19610,31.0,,93121.0,San Francisco,California,94109,West,United States,3,7720.3193,Gold,2023-12-10,Grocery,,Churn!=null failed
16564,43.0,Female,70372.0,Salem,Oregon,97301,West,United States,14,4126.378,Silver,2023-09-24,Furniture,,Churn!=null failed
13277,36.0,Male,22530.0,Clinton,,20735,East,United States,43,6649.473,Gold,2023-11-17,Home and Kitchen,,Churn!=null failed
13008,49.0,,87602.0,Rochester,New York,14609,East,United States,71,8577.141,Gold,2023-11-01,Home and Kitchen,,Churn!=null failed
13519,62.0,Female,74409.0,Clinton,Maryland,20735,East,United States,79,9347.666,Gold,2023-11-05,Furniture,,Churn!=null failed
19611,35.0,Female,102801.0,Jackson,Michigan,49201,Central,United States,100,9118.927,Gold,2023-05-07,Home and Kitchen,,Churn!=null failed
19621,34.0,,64264.0,New York City,,10024,East,United States,40,3695.6475,Silver,2023-12-24,Beauty,,Churn!=null failed
15977,,Female,53325.0,Pasadena,Texas,77506,Central,United States,64,1658.7228,Silver,2023-09-22,Furniture,,Churn!=null failed
12963,18.0,Female,44161.0,New York City,New York,10009,East,United States,62,13128.22,Platinum,2023-12-13,Health & Personal Care,,Churn!=null failed
13387,52.0,Male,36622.0,San Antonio,Texas,78207,Central,United States,68,3933.4153,Silver,2023-03-05,Clothing,,Churn!=null failed
14360,19.0,Female,97545.0,Lafayette,Louisiana,70506,South,United States,80,8351.352,Gold,2023-12-10,Clothing,,Churn!=null failed
15954,33.0,Female,39910.0,Florence,,41042,South,United States,49,10401.205,Platinum,2023-12-03,Office Products,,Churn!=null failed
16242,,Female,95974.0,Houston,,77095,Central,United States,44,923.1622,Bronze,2023-03-16,Home and Kitchen,,Churn!=null failed
10514,18.0,Male,,,Connecticut,6824,East,United States,56,10493.829,Platinum,2023-11-06,Health & Personal Care,,Churn!=null failed
13110,43.0,,39041.0,Seattle,Washington,98105,West,United States,65,3774.9897,Silver,2023-03-29,Health & Personal Care,,Churn!=null failed
11755,27.0,Female,52889.0,Port Arthur,Texas,77642,Central,United States,90,12927.877,Platinum,2023-11-17,Electronics,,Churn!=null failed
19189,48.0,,103487.0,Los Angeles,California,90045,West,United States,41,3806.6924,Silver,2023-04-07,Furniture,,Churn!=null failed
13308,58.0,Female,99976.0,Bullhead City,Arizona,86442,West,United States,72,7896.3755,Gold,2023-11-23,Pet Supplies,,Churn!=null failed
15783,29.0,Female,57813.0,New Rochelle,,10801,East,United States,70,11019.12,Platinum,2023-12-07,Clothing,,Churn!=null failed
16143,45.0,Female,67486.0,Aurora,Illinois,60505,Central,United States,17,1063.0126,Silver,2023-02-18,Health & Personal Care,,Churn!=null failed
10718,47.0,,67519.0,Los Angeles,California,90004,West,United States,8,8787.42,Gold,2023-02-14,Furniture,,Churn!=null failed
10244,51.0,Male,47444.0,,Colorado,80013,,United States,25,1373.9329,Silver,2023-03-20,Health & Personal Care,,Churn!=null failed
11794,38.0,Female,,Aurora,,80013,,United States,82,11584.406,Platinum,2023-12-16,Grocery,,Churn!=null failed
13600,37.0,,92729.0,Oceanside,California,92054,West,United States,104,10393.634,Platinum,2023-11-23,Furniture,,Churn!=null failed
11945,30.0,Female,,Perth Amboy,New Jersey,8861,East,United States,44,9430.725,Gold,2023-11-19,Furniture,,Churn!=null failed
19040,50.0,Female,74374.0,Fort Worth,Texas,76106,Central,United States,20,2665.2764,Silver,2023-12-30,Pet Supplies,,Churn!=null failed
18851,18.0,Male,83008.0,Logan,Utah,84321,West,United States,1,13211.99,Platinum,2023-12-19,Electronics,,Churn!=null failed
17484,,Male,,Austin,Texas,78745,,United States,30,4980.888,Silver,2023-09-02,Health & Personal Care,,Churn!=null failed
18195,49.0,,71748.0,Spokane,Washington,99207,West,United States,11,5795.713,Gold,2023-11-27,Sports and Outdoors,,Churn!=null failed
14472,24.0,,152597.0,Jacksonville,,32216,South,United States,104,5344.0454,Gold,2023-11-14,Beauty,,Churn!=null failed
18790,36.0,Male,55769.0,Philadelphia,,19134,East,United States,100,7435.179,Gold,2023-12-25,Electronics,,Churn!=null failed
13301,60.0,Female,112568.0,,Ohio,43017,East,United States,22,8069.489,Gold,2023-11-05,Pet Supplies,,Churn!=null failed
14233,50.0,Female,75859.0,Wilmington,Delaware,19805,East,United States,26,6371.39,Gold,2023-11-26,Clothing,,Churn!=null failed
12595,28.0,,87202.0,Chandler,Arizona,85224,West,United States,54,6537.2676,Gold,,Beauty,,Churn!=null failed
16844,20.0,Female,38651.0,Waco,Texas,76706,Central,United States,11,10504.009,Platinum,2023-12-09,Sports and Outdoors,,Churn!=null failed
11161,58.0,,75350.0,,New York,10011,East,United States,35,4598.3843,Silver,2023-07-28,Office Products,,Churn!=null failed
15896,29.0,Female,79379.0,,Pennsylvania,18018,East,United States,86,908.62335,Bronze,2023-02-17,Beauty,,Churn!=null failed
12802,,,70595.0,Seattle,Washington,98103,West,United States,86,9393.772,Gold,2023-12-25,Furniture,,Churn!=null failed
12491,31.0,Male,88676.0,Miami,Florida,33142,South,United States,40,4674.433,Silver,2023-05-30,Home and Kitchen,,Churn!=null failed
10742,49.0,,,Louisville,Colorado,80027,West,United States,34,4743.0947,Silver,2023-03-15,Grocery,,Churn!=null failed
16429,52.0,Male,54007.0,Roseville,Minnesota,55113,Central,United States,65,11743.294,Platinum,2023-05-08,Electronics,,Churn!=null failed
10092,43.0,Male,50498.0,Garland,,75043,Central,United States,53,9339.943,Gold,,Clothing,,Churn!=null failed
16209,,,31572.0,New York City,New York,10035,East,United States,93,3807.7314,Silver,2023-12-22,Electronics,,Churn!=null failed
15328,41.0,Female,59680.0,Olathe,Kansas,66062,Central,United States,66,5396.2705,Gold,2023-12-13,Home and Kitchen,,Churn!=null failed
13115,45.0,,70065.0,Edmonds,Washington,98026,West,United States,95,2474.6792,Silver,2023-03-23,Furniture,,Churn!=null failed
15389,37.0,Male,60201.0,San Francisco,California,94109,West,United States,45,8949.183,Gold,2023-11-12,Office Products,,Churn!=null failed
15451,18.0,Female,70068.0,,New York,10024,East,United States,53,3401.184,Silver,,Beauty,,Churn!=null failed
10975,31.0,Female,73571.0,Little Rock,Arkansas,72209,South,United States,9,1300.8754,Silver,2023-05-01,Sports and Outdoors,,Churn!=null failed
12058,,Female,65408.0,Chicago,,60653,Central,United States,83,8453.085,Gold,2023-11-20,Pet Supplies,,Churn!=null failed
13639,,Male,22530.0,Los Angeles,California,90004,West,United States,79,5929.2476,Gold,2023-11-02,Pet Supplies,,Churn!=null failed
10709,36.0,Female,65160.0,San Francisco,,94110,West,United States,60,1817.2122,Silver,,Office Products,,Churn!=null failed
12898,18.0,Female,72968.0,,New York,10035,East,United States,54,2396.952,Silver,2023-11-30,Beauty,,Churn!=null failed
14697,38.0,Male,76541.0,San Diego,California,92024,West,United States,40,8898.726,Gold,2023-12-25,Grocery,,Churn!=null failed
14432,,Male,62873.0,Seattle,Washington,98115,West,United States,34,11261.239,Platinum,2023-12-30,Office Products,,Churn!=null failed
17165,37.0,,80605.0,Ann Arbor,Michigan,48104,Central,United States,49,12633.293,Platinum,,Clothing,,Churn!=null failed
18327,43.0,Female,97026.0,Lafayette,Indiana,47905,,United States,73,12103.605,Platinum,2023-11-25,Clothing,,Churn!=null failed
13529,36.0,Female,66914.0,Los Angeles,California,90049,West,United States,91,12266.274,Platinum,2023-12-22,Home and Kitchen,,Churn!=null failed
12795,47.0,Male,89588.0,Seattle,Washington,98103,West,United States,20,4276.5215,Silver,2023-09-09,Clothing,,Churn!=null failed
19366,46.0,Female,,Los Angeles,California,90049,West,United States,88,11233.02,Platinum,2023-11-05,Grocery,,Churn!=null failed
12746,24.0,Female,108824.0,Chattanooga,,37421,South,United States,2,4149.8237,Silver,2023-01-02,Clothing,,Churn!=null failed
13753,36.0,,69116.0,Conway,Arkansas,72032,South,United States,57,12789.767,Platinum,2023-06-04,Home and Kitchen,,Churn!=null failed
11889,,Female,81405.0,New York City,New York,10035,East,United States,14,3054.4878,Silver,2023-01-26,Electronics,,Churn!=null failed
14034,50.0,Female,95368.0,New York City,New York,10035,East,United States,91,2985.2703,Silver,2023-04-10,Electronics,,Churn!=null failed
15856,,Female,27482.0,Los Angeles,California,90049,West,United States,78,5892.1685,Gold,2023-08-30,Home and Kitchen,,Churn!=null failed
16534,45.0,Female,83718.0,Los Angeles,California,90036,West,United States,9,7645.3643,Gold,2023-11-21,Grocery,,Churn!=null failed
18036,,,53448.0,Georgetown,Kentucky,40324,South,United States,48,9186.389,Gold,2023-08-16,Clothing,,Churn!=null failed
12073,34.0,Male,99658.0,Sierra Vista,Arizona,85635,West,United States,94,9553.627,Gold,2023-11-10,Grocery,,Churn!=null failed
11435,36.0,Male,71987.0,Loveland,Colorado,80538,West,United States,9,1366.9447,Silver,,Clothing,,Churn!=null failed
11953,48.0,,63705.0,Springfield,Oregon,97477,West,United States,43,5206.517,Gold,2023-11-22,Sports and Outdoors,,Churn!=null failed
18358,47.0,Male,113650.0,San Francisco,California,94109,West,United States,86,3021.1506,Silver,2023-09-27,Sports and Outdoors,,Churn!=null failed
16957,46.0,Male,70109.0,Mcallen,Texas,78501,Central,United States,42,8359.799,Gold,2023-11-23,Pet Supplies,,Churn!=null failed
13734,28.0,Female,28580.0,Philadelphia,Pennsylvania,19120,East,United States,64,8921.46,Gold,2023-11-11,Beauty,,Churn!=null failed
13477,28.0,Female,49753.0,Houston,Texas,77095,Central,United States,26,12203.94,Platinum,2023-12-02,Electronics,,Churn!=null failed
19743,18.0,Female,89196.0,Seattle,Washington,98103,West,United States,33,1314.004,Silver,2023-12-01,Clothing,,Churn!=null failed
16147,22.0,Female,41865.0,Rockford,Illinois,61107,Central,United States,24,9564.955,Gold,2023-12-20,Sports and Outdoors,,Churn!=null failed
13263,38.0,Female,67729.0,New York City,New York,10035,East,United States,20,6258.3555,Gold,2023-11-07,Clothing,,Churn!=null failed
17944,32.0,Male,63571.0,Westland,Michigan,48185,Central,United States,82,10275.828,Platinum,2023-11-02,Sports and Outdoors,,Churn!=null failed
11620,39.0,Female,,Philadelphia,Pennsylvania,19120,East,United States,12,9579.611,Gold,2023-11-16,Clothing,,Churn!=null failed
14884,44.0,Male,69774.0,Seattle,Washington,98103,West,United States,18,10026.326,Platinum,2023-11-12,Pet Supplies,,Churn!=null failed
12340,40.0,Female,68254.0,Los Angeles,California,90004,West,United States,72,748.62805,Bronze,2023-05-25,Sports and Outdoors,,Churn!=null failed
11128,37.0,Female,99782.0,New York City,New York,10011,East,United States,87,6436.8867,Gold,2023-11-08,Sports and Outdoors,,Churn!=null failed
11079,42.0,Male,52502.0,Philadelphia,,19120,,United States,53,11931.22,Platinum,2023-11-13,Beauty,,Churn!=null failed
10132,50.0,Female,101880.0,San Francisco,California,94122,West,United States,36,11937.462,Platinum,2023-12-16,Sports and Outdoors,,Churn!=null failed
17384,29.0,Male,76190.0,Lawrence,,1841,East,United States,69,2687.695,Silver,2023-10-29,Home and Kitchen,,Churn!=null failed
17006,33.0,,40538.0,Houston,Texas,77095,Central,United States,11,2239.1445,Silver,2023-03-25,Office Products,,Churn!=null failed
13925,59.0,,78378.0,Lawrence,Indiana,46226,Central,United States,85,9180.428,Gold,2023-12-16,Home and Kitchen,,Churn!=null failed
15029,,Male,95030.0,Seattle,Washington,98105,West,United States,16,11970.337,Platinum,2023-12-18,Health & Personal Care,,Churn!=null failed
18299,37.0,,66956.0,Chicago,Illinois,60653,Central,United States,50,2433.7983,Silver,2023-06-19,Beauty,,Churn!=null failed
19100,,,,Riverside,California,92503,West,United States,28,13106.671,Platinum,2023-07-29,Grocery,,Churn!=null failed
14286,41.0,,,,Ohio,45503,East,United States,82,5809.9375,Gold,2023-12-11,Health & Personal Care,,Churn!=null failed
16205,,,43415.0,New York City,New York,10009,East,United States,76,4390.5845,Silver,2023-02-23,Sports and Outdoors,,Churn!=null failed
19754,43.0,Female,65546.0,,Delaware,19711,East,United States,7,3853.2456,Silver,2023-06-10,Furniture,,Churn!=null failed
19391,54.0,,58186.0,Orange,New Jersey,7050,East,United States,67,11347.603,Platinum,2023-08-31,Clothing,,Churn!=null failed
12346,34.0,,76631.0,Philadelphia,Pennsylvania,19134,East,United States,77,5699.2026,Gold,2023-11-05,Electronics,,Churn!=null failed
16408,42.0,,56311.0,New York City,New York,10009,East,United States,26,9572.483,Gold,2023-07-20,Grocery,,Churn!=null failed
15382,30.0,Male,102017.0,Garden City,Kansas,67846,Central,United States,74,4113.6826,Silver,2023-04-28,Electronics,,Churn!=null failed
12886,49.0,,56695.0,Seattle,Washington,98105,West,United States,43,7556.4844,Gold,2023-11-22,Home and Kitchen,,Churn!=null failed
17965,38.0,Female,22530.0,Los Angeles,California,90049,West,United States,17,1746.3693,Silver,2023-02-07,Grocery,,Churn!=null failed
16986,36.0,Female,73478.0,Columbus,,43229,East,United States,98,12284.71,Platinum,2023-12-30,Office Products,,Churn!=null failed
18982,,Female,70299.0,San Francisco,California,94109,West,United States,101,11880.137,Platinum,2023-11-09,Clothing,,Churn!=null failed
18809,29.0,Female,45812.0,Denver,,80219,,United States,61,8680.862,Gold,2023-12-03,Health & Personal Care,,Churn!=null failed
17387,29.0,Male,55564.0,New York City,New York,10024,East,United States,56,238.95175,Bronze,2023-07-12,Pet Supplies,,Churn!=null failed
19390,38.0,Female,,,Virginia,22153,South,United States,56,13032.809,Platinum,,Beauty,,Churn!=null failed
16335,31.0,,85036.0,San Francisco,,94122,West,United States,10,5577.275,Gold,2023-12-16,Office Products,,Churn!=null failed
14406,18.0,Female,91331.0,Everett,Massachusetts,2149,East,United States,75,253.08589,Bronze,2023-08-31,Sports and Outdoors,,Churn!=null failed
12849,34.0,Male,60180.0,Seattle,Washington,98103,West,United States,84,741.03485,Bronze,2023-01-22,Health & Personal Care,,Churn!=null failed
11364,41.0,Male,75591.0,Chicago,Illinois,60610,Central,United States,13,9361.423,Gold,2023-12-15,Grocery,,Churn!=null failed
15617,25.0,,82971.0,Arlington,Virginia,22204,South,United States,62,12598.0,Platinum,2023-12-18,Health & Personal Care,,Churn!=null failed
13756,33.0,Female,79998.0,,Pennsylvania,19120,East,United States,11,9121.557,Gold,,Furniture,,Churn!=null failed
17685,45.0,,113939.0,Clinton,Maryland,20735,East,United States,41,10616.974,Platinum,2023-08-18,Beauty,,Churn!=null failed
12280,37.0,Female,84831.0,Los Angeles,California,90045,West,United States,34,11807.3955,Platinum,2023-12-11,Health & Personal Care,,Churn!=null failed
18693,47.0,Female,82167.0,New York City,New York,10024,East,United States,73,1851.2002,Silver,2023-11-30,Office Products,,Churn!=null failed
10706,44.0,Female,79153.0,,North Carolina,28205,South,United States,10,2168.7717,Silver,2023-02-24,Electronics,,Churn!=null failed
15043,53.0,,127470.0,,Colorado,80229,West,United States,82,11806.583,Platinum,2023-11-19,Sports and Outdoors,,Churn!=null failed
16446,47.0,Male,85805.0,Los Angeles,California,90049,West,United States,63,4836.7944,Silver,2023-01-25,Pet Supplies,,Churn!=null failed
12862,37.0,Female,60413.0,Marysville,Washington,98270,West,United States,23,3579.733,Silver,2023-10-27,Beauty,,Churn!=null failed
18700,52.0,Male,73417.0,New York City,New York,10009,East,United States,25,10255.12,Platinum,2023-11-29,Furniture,,Churn!=null failed
17750,,Female,72387.0,Dallas,Texas,75217,Central,United States,12,6481.064,Gold,2023-11-01,Office Products,,Churn!=null failed
10085,57.0,,98309.0,Lawrence,Massachusetts,1841,East,United States,85,1705.2314,Silver,2023-07-29,Office Products,,Churn!=null failed
13634,41.0,Female,66119.0,Los Angeles,California,90049,West,United States,2,4789.3325,Silver,2023-12-03,Pet Supplies,,Churn!=null failed
18978,35.0,Female,76669.0,Rochester,New York,14609,,United States,24,9642.506,Gold,2023-11-24,Electronics,,Churn!=null failed
19064,18.0,Male,88301.0,Seattle,Washington,98115,West,United States,46,11514.447,Platinum,2023-12-10,Furniture,,Churn!=null failed
11628,64.0,Male,95693.0,Lawton,Oklahoma,73505,Central,United States,83,11555.87,Platinum,2023-12-19,Furniture,,Churn!=null failed
10309,48.0,Female,87881.0,Seattle,Washington,98115,West,United States,99,6328.3276,Gold,2023-12-11,Beauty,,Churn!=null failed
13419,,Male,88590.0,Seattle,Washington,98115,West,United States,20,2796.0825,Silver,2023-09-18,Beauty,,Churn!=null failed
10001,22.0,Male,78856.0,Los Angeles,California,90049,West,United States,42,840.4922,Bronze,2023-07-21,Pet Supplies,,Churn!=null failed
18975,42.0,Female,,Des Moines,Washington,98198,West,United States,101,10949.818,Platinum,2023-11-08,Home and Kitchen,,Churn!=null failed
17533,,Female,60335.0,,Florida,32114,South,United States,63,10157.73,Platinum,2023-10-02,Pet Supplies,,Churn!=null failed
15791,30.0,Female,,Dallas,Texas,75217,,United States,98,3087.7683,Silver,2023-09-08,Clothing,,Churn!=null failed
14159,32.0,,37148.0,Jacksonville,Florida,32216,South,United States,88,5394.6587,Gold,2023-11-27,Home and Kitchen,,Churn!=null failed
13192,19.0,Female,68378.0,,North Carolina,27217,South,United States,10,4949.737,Silver,2023-10-23,Electronics,,Churn!=null failed
13130,44.0,Male,87006.0,Belleville,,7109,East,United States,77,13259.191,Platinum,2023-07-07,Beauty,,Churn!=null failed
15421,33.0,Female,49801.0,Decatur,Alabama,35601,South,United States,84,11761.095,Platinum,2023-11-07,Grocery,,Churn!=null failed
13120,26.0,Male,77367.0,Akron,,44312,East,United States,20,11779.139,Platinum,2023-11-07,Grocery,,Churn!=null failed
10102,50.0,Female,57981.0,Houston,Texas,77095,Central,United States,30,3338.3535,Silver,2023-10-22,Furniture,,Churn!=null failed
18900,37.0,Female,75658.0,Arlington,Texas,76017,Central,United States,57,11242.852,Platinum,2023-12-29,Grocery,,Churn!=null failed
17261,26.0,Female,75265.0,Lakewood,New Jersey,8701,East,United States,34,1400.5363,Silver,,Clothing,,Churn!=null failed
18897,21.0,,106452.0,Cranston,,2920,East,United States,71,62.94774,Bronze,2023-05-03,Furniture,,Churn!=null failed
17429,27.0,Female,51413.0,San Francisco,California,94122,West,United States,60,6249.807,Gold,2023-11-12,Health & Personal Care,,Churn!=null failed
19221,47.0,Female,66277.0,Omaha,Nebraska,68104,Central,United States,67,6914.0933,Gold,2023-11-13,Office Products,,Churn!=null failed
15308,55.0,,39140.0,Fresno,California,93727,West,United States,66,9614.564,Gold,2023-12-29,Office Products,,Churn!=null failed
12781,29.0,Female,90455.0,Houston,Texas,77041,,United States,4,6099.7954,Gold,2023-07-08,Clothing,,Churn!=null failed
13624,33.0,,83613.0,Houston,Texas,77041,Central,United States,34,1210.4192,Silver,2023-03-06,Furniture,,Churn!=null failed
10490,,Female,51864.0,Oxnard,California,93030,West,United States,52,5901.3364,Gold,2023-12-11,Pet Supplies,,Churn!=null failed
15190,22.0,Female,93947.0,New York City,New York,10011,East,United States,1,8624.423,Gold,2023-04-19,Grocery,,Churn!=null failed
12375,,Female,58155.0,,California,92037,West,United States,84,9111.019,Gold,2023-12-02,Furniture,,Churn!=null failed
12029,26.0,Male,97537.0,Houston,Texas,77070,Central,United States,85,3434.2192,Silver,2023-10-15,Electronics,,Churn!=null failed
13790,52.0,Female,60907.0,Houston,Texas,77070,Central,United States,44,4914.733,Silver,2023-03-03,Home and Kitchen,,Churn!=null failed
15025,48.0,Female,52157.0,Columbia,Maryland,21044,East,United States,34,9321.709,Gold,2023-09-01,Office Products,,Churn!=null failed
19399,26.0,Male,40004.0,Houston,Texas,77070,Central,United States,59,2326.2297,Silver,2023-08-31,Home and Kitchen,,Churn!=null failed
12697,,Male,,Seattle,Washington,98105,West,United States,53,5053.9404,Gold,2023-12-15,Grocery,,Churn!=null failed
10208,41.0,,46061.0,Rockford,Illinois,61107,Central,United States,94,11940.209,Platinum,2023-03-26,Furniture,,Churn!=null failed
11071,37.0,,100682.0,Chicago,Illinois,60623,Central,United States,101,4629.136,Silver,2023-05-14,Furniture,,Churn!=null failed
18101,55.0,Female,59689.0,Detroit,,48205,Central,United States,45,12313.655,Platinum,2023-12-10,Electronics,,Churn!=null failed
13584,18.0,Female,62635.0,Los Angeles,California,90049,West,United States,78,3763.828,Silver,2023-04-13,Beauty,,Churn!=null failed
12446,31.0,Female,100948.0,Avondale,Arizona,85323,West,United States,31,4580.6963,Silver,2023-02-21,Beauty,,Churn!=null failed
13751,39.0,Male,54831.0,Philadelphia,Pennsylvania,19140,East,United States,3,6651.064,Gold,2023-12-26,Electronics,,Churn!=null failed
19843,50.0,,29471.0,Seattle,Washington,98105,West,United States,55,8160.492,Gold,2023-11-18,Beauty,,Churn!=null failed
16405,40.0,Female,69451.0,Philadelphia,Pennsylvania,19140,East,United States,68,10378.365,Platinum,,Grocery,,Churn!=null failed
15336,60.0,Female,79444.0,New York City,New York,10035,East,United States,61,10570.499,Platinum,2023-11-03,Clothing,,Churn!=null failed
15578,49.0,Female,33151.0,Troy,Ohio,45373,East,United States,24,11057.166,Platinum,2023-07-24,Electronics,,Churn!=null failed
18616,35.0,Female,83925.0,Troy,Ohio,45373,East,United States,65,9208.799,Gold,,Health & Personal Care,,Churn!=null failed
14850,35.0,Female,88833.0,,Washington,98105,West,United States,73,10556.932,Platinum,2023-11-11,Electronics,,Churn!=null failed
18242,34.0,Male,56666.0,,Illinois,60610,Central,United States,61,7847.284,Gold,2023-12-11,Pet Supplies,,Churn!=null failed
18829,37.0,Male,139863.0,,Washington,98115,West,United States,70,3144.5537,Silver,2023-04-30,Clothing,,Churn!=null failed
10411,,,67052.0,Mission Viejo,California,92691,,United States,58,9753.548,Gold,2023-10-08,Furniture,,Churn!=null failed
11663,33.0,Male,103712.0,Greenwood,Indiana,46142,Central,United States,27,2818.5366,Silver,2023-05-29,Beauty,,Churn!=null failed
19919,25.0,Male,75653.0,Milwaukee,Wisconsin,53209,,United States,103,6652.403,Gold,2023-11-28,Furniture,,Churn!=null failed
18148,53.0,Female,62232.0,Columbus,,47201,Central,United States,96,8561.322,Gold,2023-12-28,Health & Personal Care,,Churn!=null failed
14105,24.0,Female,64699.0,Newark,Ohio,43055,East,United States,68,6194.6055,Gold,2023-11-24,Beauty,,Churn!=null failed
18788,59.0,Female,59296.0,Seattle,Washington,98115,West,United States,44,10149.572,Platinum,2023-12-23,Beauty,,Churn!=null failed
17462,43.0,Female,66007.0,,,43130,,United States,10,6885.6245,Gold,2023-12-19,Electronics,,Churn!=null failed
13426,41.0,Female,41203.0,,New York,10035,East,United States,88,12812.827,Platinum,2023-12-13,Electronics,,Churn!=null failed
11640,,Male,86712.0,Green Bay,Wisconsin,54302,Central,United States,3,8467.712,Gold,2023-12-03,Grocery,,Churn!=null failed
18939,32.0,Male,101582.0,San Francisco,California,94122,West,United States,8,12601.052,Platinum,2023-11-21,Grocery,,Churn!=null failed
15404,48.0,Male,96800.0,San Antonio,Texas,78207,Central,United States,61,10712.486,Platinum,2023-12-01,Clothing,,Churn!=null failed
18606,55.0,Male,90827.0,,New Jersey,7501,East,United States,16,5781.6504,Gold,2023-12-11,Clothing,,Churn!=null failed
17556,45.0,Female,36182.0,San Francisco,California,94122,West,United States,69,3327.261,Silver,2023-09-08,Beauty,,Churn!=null failed
19792,59.0,,59085.0,Dallas,Texas,75220,Central,United States,73,12396.507,Platinum,2023-11-24,Health & Personal Care,,Churn!=null failed
18579,30.0,Female,34337.0,San Francisco,California,94109,West,United States,5,6546.387,Gold,,Clothing,,Churn!=null failed
18775,26.0,,,Richmond,Indiana,47374,Central,United States,91,2226.4282,Silver,2023-09-17,Sports and Outdoors,,Churn!=null failed
16313,41.0,Female,70584.0,Anaheim,California,92804,,United States,14,9415.553,Gold,2023-12-17,Office Products,,Churn!=null failed
14596,24.0,Male,51879.0,Santa Barbara,California,93101,West,United States,84,11059.459,Platinum,2023-12-07,Pet Supplies,,Churn!=null failed
14741,42.0,Female,94742.0,,New York,10035,East,United States,4,13162.959,Platinum,2023-12-25,Grocery,,Churn!=null failed
13184,25.0,Female,41134.0,Akron,Ohio,44312,East,United States,43,9137.157,Gold,2023-12-31,Furniture,,Churn!=null failed
16357,36.0,Female,24067.0,New York City,New York,10009,East,United States,82,12644.143,Platinum,2023-12-23,Clothing,,Churn!=null failed
15534,30.0,Female,94671.0,Los Angeles,California,90045,West,United States,53,4900.006,Silver,2023-10-24,Home and Kitchen,,Churn!=null failed
10974,54.0,Female,85731.0,Smyrna,Georgia,30080,South,United States,44,5532.761,Gold,2023-12-03,Clothing,,Churn!=null failed
10340,23.0,Female,58529.0,Houston,Texas,77041,Central,United States,51,13089.813,Platinum,2023-11-16,Home and Kitchen,,Churn!=null failed
